Wang,92955796
Li,89901233
Zhang,84557485
Liu,68269356
Chen,54047208
Yang,40605667
Wu,28215747
Huang,27775410
Xu,25572642
Zhao,24990024
Zhou,24303162
Sun,17199753
He,16414202
Zhu,15809868
Ma,15795780
Yu,14872769
Hu,14430905
Jiang,13904998
Guo,13802352
Luo,13499989
Gao,12506586
Lin,11822310
Feng,11806773
Zheng,10775930
Tang,10500795
Wei,10007145
Liang,9949794
Shi,9732492
Yan,9496516
Xie,8824700
Song,8663251
Pang,8585797
Han,7593711
Cao,7389721
Deng,7374019
Lu,6922911
Zeng,6679997
Xiao,6631246
Yuan,6499237
Cheng,6478234
Tian,6420281
Dong,6371588
Shen,6371549
Pan,6292209
Fan,6285179
Fu,6138212
Du,5902806
Ca,5732828
Su,5631705
Qin,5610991
Ye,5516030
Lv,5485601
Jin,5363212
Ding,5333730
Ren,5122602
Yao,5119402
Zhong,5041215
Tan,4846135
Cui,4757732
Meng,4603852
Jia,4166146
Liao,4115633
Dai,4094302
Gu,4082571
Bo,4080510
Wen,4000579
Xia,3938641
Yun,3769053
Hou,3725402
Qiu,3698122
Zou,3616674
Xiong,3563774
Ji,3480146
Gong,3464850
Mao,3253022
Xue,3167084
Qi,3082103
Duan,2976892
Nie,2965974
Lei,2928750
Mu,2886823
Xiang,2808894
Long,2741265
Tao,2602193
Hao,2485756
Shao,2434110
Wan,2422331
Guan,2323607
Qian,2297530
Chang,2182576
Ge,2154722
Kong,2128315
Yi,2073967
Kang,2038144
Lai,2011609
Niu,1954955
Bao,1914344
Xing,1865376
Hong,1850938
An,1731247
Yue,1682768
Qiao,1672259
Qu,1591466
Tong,1575034
Zhan,1504903
Ling,1392794
Shang,1388720
Zhai,1364926
You,1337232
Jiao,1300326
Pu,1289624
Geng,1287580
Ou,1266717
Zhuang,1248091
Zuo,1238570
Lan,1236749
Gan,1222447
Jing,1182678
Chu,1141863
Bi,1115386
Shu,1080470
Ning,1049538
Dan,1033586
Tu,1019471
Mei,1005086
Xin,987638
Sheng,972629
Ruan,944949
Miao,933884
Pei,931772
Hua,921885
La,901461
Ran,895891
Xi,876068
Ke,867870
Lian,837296
Che,832291
Ouyang,807920
Bian,805962
Ci,801267
Que,799826
Weng,788365
Jie,774471
Teng,756234
Bu,741180
Kuang,710417
Lou,699499
Fang,686679
Dou,673049
Rao,662075
Ai,655784
Suo,586105
Quan,570092
Si,553121
Miu,522393
Nong,518407
Zhuo,517635
Gou,507897
Fei,486118
Rong,482161
Jian,478587
Dang,477030
Mi,470316
Diao,466472
Mai,457695
Huo,452404
Zong,451743
Sui,449305
Ying,436796
Cen,423622
Ju,408133
Gui,404615
Zang,401545
Min,395319
Xian,385144
Sang,381166
Luan,376815
Cong,375180
Chou,372146
Kou,356825
Lang,347352
Zhi,340833
Zhen,324250
Chai,320050
Hui,313081
She,308823
Chi,303642
Ao,293006
Di,290212
Na,288808
Lie,248867
Zi,247703
Ban,246343
Qing,242615
Xuan,237357
Lao,230287
Pi,213759
Yin,210673
Man,207115
Hai,193602
Kan,184731
Qiang,183785
Ba,182668
Chao,179552
Yong,176694
Shuai,176249
A,172587
Zu,165794
Po,165480
Pian,165084
Qie,164074
Men,148852
Tai,146382
Ru,145467
Xiu,139585
Ruo,134769
Shui,118912
Hang,118788
Xun,106929
Da,105523
Nai,101297
Cai,100703
Reng,93313
Bin,92961
Za,85887
Zan,83454
Heng,79049
Shan,72321
Cang,70625
Duo,68091
Tuo,67524
Tie,64625
E,64080
Nuo,63886
Ta,61836
Shangguan,61554
Hei,57075
Bie,55993
Ni,54645
Bei,53735
Mo,51337
Huangfu,49179
Shou,44321
Linghu,43798
De,42030
Sai,41442
Lun,38479
Kuai,37180
Bing,36445
Ya,35955
Shuang,34201
Situ,33645
Zhuge,31967
Sa,31164
Huan,27357
Ze,27016
Huai,26286
Ang,25663
Kai,24189
Gang,24098
Bai,22243
Chun,21721
Chong,21497
Nian,19050
Guang,16909
Fa,15452
Sima,14421
Peng,11931
Jiu,11134
Yuwen,9416
Dao,7475
Er,7009
Heyan,5128
En,4405
Rui,4277
Jun,4087
Shun,3187
Yuezheng,1833
Ting,1529
Juan,1342
Nan,1308
Xianyu,1218
Gongyu,1140
Narong,1065
Helian,1042
Dongfang,942
Zhongzhang,740
Zhe,520
Murong,423
Seng,377
Ku,376
Zongzheng,366
Kun,338
Wo,321
Puyang,304
Ping,263
Cun,263
Tiao,258
Can,253
Xiahou,214
Wa,198
Bang,176
Ming,172
Duangan,147
Ben,146
San,145
Wenren,142
Sen,138
Piao,136
Cha,120
Chan,108
Kuan,105
Ka,104
Nao,102
Re,100
Zai,95
Rang,94
Mie,88
Zhuan,88
Chuai,87
Die,84
Dian,79
Sha,79
Ri,77
Mang,77
Kao,76
Zao,76
Gongsun,73
Shuo,72
Guliang,67
Ti,66
Shentu,63
Qiguan,51
Duanmu,48
Gongzu,48
Run,48
Biao,46
Nangong,45
Chuang,43
Tui,40
Wuma,31
Gongbo,30
Ceng,29
Gongxi,29
Chuan,29
Nanmen,28
Kui,28
Gongzhong,24
Zhangsun,24
Yuchi,21
Xuanyuan,21
Zhongli,21
Pao,21
Te,20
Dei,19
Liangqiu,19
Mian,19
Nuan,19
Qiong,19
Tuan,19
Le,18
Jue,16
Me,15
Ce,15
Chuo,14
Diwu,14
Zhuai,14
Gongliang,13
Qun,13
Tou,12
Sikong,12
Zhongsun,12
Dongli,11
Chushi,9
Kuo,9
Fen,9
Gongshan,8
Pa,8
Pen,8
Rou,8
Zuoqiu,8
Chui,8
Fo,7
Ximen,7
Gongyang,6
Guai,6
Zishu,6
Gongye,5
Qiediao,5
Dongguo,4
Dun,4
Zisang,4
Zha,4
Gongjian,3
Gongshang,3
Gun,3
Moqi,3
Zhui,3
Beng,3
Hun,3
Cuo,2
Tantai,2
Nv,2
Pai,2
Sikou,2
Wai,2
Yo,2
Cu,1
Daxi,1
Gen,1
Gongyi,1
Niao,1
Shai,1
Zhuansun,1
Ziche,1
Zun,1
